                  epoch,             train/loss,  metrics/accuracy_top1,  metrics/accuracy_top5,               val/loss,                 lr/pg0,                 lr/pg1,                 lr/pg2
                      1,                0.60219,                 0.1125,                   0.65,                0.95563,              2.856e-05,              2.856e-05,              2.856e-05
                      2,                0.59542,                  0.125,                  0.575,                0.96017,             5.1537e-05,             5.1537e-05,             5.1537e-05
                      3,                0.54227,                  0.075,                  0.525,                0.95951,             6.0376e-05,             6.0376e-05,             6.0376e-05
                      4,                0.45787,                 0.1125,                 0.5875,                0.95814,             5.5078e-05,             5.5078e-05,             5.5078e-05
                      5,                0.43472,                 0.0625,                 0.5625,                0.95703,             3.5643e-05,             3.5643e-05,             3.5643e-05
