                  epoch,         train/box_loss,         train/cls_loss,         train/dfl_loss,   metrics/precision(B),      metrics/recall(B),       metrics/mAP50(B),    metrics/mAP50-95(B),           val/box_loss,           val/cls_loss,           val/dfl_loss,                 lr/pg0,                 lr/pg1,                 lr/pg2
                      1,                 1.0956,                 1.3647,                 1.2022,                 0.6471,                0.51789,                0.59444,                0.44122,                 1.0961,                 1.1488,                 1.1362,               8.33e-06,               8.33e-06,               8.33e-06
                      2,                 1.2155,                 1.4409,                 1.2675,                0.66306,                0.54155,                0.61835,                0.45837,                 1.0844,                 1.1026,                 1.1285,             1.4316e-05,             1.4316e-05,             1.4316e-05
                      3,                 1.1882,                 1.3316,                 1.2388,                0.66604,                0.56389,                0.63051,                0.47045,                  1.072,                 1.0804,                 1.1193,             1.6531e-05,             1.6531e-05,             1.6531e-05
                      4,                 1.1519,                 1.3211,                  1.245,                0.64258,                0.60395,                0.64894,                0.48205,                 1.0654,                 1.0618,                 1.1146,             1.4977e-05,             1.4977e-05,             1.4977e-05
                      5,                 1.2315,                 1.3748,                 1.2444,                0.66054,                0.60399,                0.65862,                0.48818,                 1.0591,                  1.048,                 1.1102,             9.6533e-06,             9.6533e-06,             9.6533e-06
